LD,X0C1
OR,M4008
ANI,M4009
AND,X0C0
OUT,M4008
OUT,T400
,K40
LDI,X121
AND,X0C0
OUT,M4009
MOVP,K14
,D4008
LD,X14C
OUT,M4011
,
LD=,D4000
,D4008
MOV,K0
,D4008
LDP,X0C0
MOV,K14
,D4008
MOV,K0
,D4009
LDI,X0C0
MOV,H0FFFF
,D4009
LDP,M4008
MOV,K1
,D4008
MOVP,K0
,D4040
LD<>,D4000
,D4040
MOV,D4000
,D4040
OUT,M4015
,
LD,M4008
MPS,
ANI,X0C2
ANI,X0C3
ANI,X0C4
OUT,M4021
MRD,
AND,X0C2
OUT,M4022
MRD,
AND,X0C3
OUT,M4023
MPP,
AND,X0C4
OUT,M4024
LD,M4022
OR,M4023
OUT,M4025
LD,M4023
OR,M4024
OUT,M4026
,
LD,L7000
OR,M4030
ANI,L7001
AND,M4008
OUT,M4030
OUT,T403
,K10
,
LD,L7002
OR,M4031
ANI,L7003
ANI,M4805
AND,M4008
OUT,M4031
OUT,T404
,K10
LD,T404
OUT,M4032
LD,X0D8
ANI,M4810
AND,M4031
OUT,M4033
,
LDP,M4008
ORP,M3310
ORP,M4109
+,R2022
,K250
,D4100
D+,D4100
,K250
,D4102
*,D4100
,K10000
,D4102
LDP,M4008
ORP,M3310
ORP,M4109
DMOV,K1413717
,U4\G2004
DMOV,D4102
,U4\G2006
DMOV,K1413717
,U4\G2014
DMOV,K2500000
,U4\G2016
,
LDP,M4008
ORP,M3310
ORP,M4138
*,R2023
,K1000
,D4110
LDP,M4008
ORP,M3310
ORP,M4138
DMOV,K75000
,U4\G8004
DMOV,D4110
,U4\G8006
,
LDP,M4008
ORP,M3310
OR,M4160
*,R2020
,R2015
,D4120
DFLT,D4120
,D4122
DFLT,K36000
,D4124
DFLT,K45
,D4126
*,R2021
,R2015
,D4130
DFLT,D4130
,D4132
DFLT,K1000
,D4134
E*,D4122
,D4124
,D4140
E/,D4140
,D4126
,D4142
DINT,D4142
,D4146
E*,D4132
,D4134
,D4150
E/,D4150
,D4126
,D4152
DINT,D4152
,D4156
AND,R2014.7
DNEG,D4156
LDP,M4008
ORP,M3310
OR,M4160
DMOV,D4146
,U8\G2004
DMOV,D4156
,U8\G2006
,
LDP,M4008
ORP,M1795
ORP,M3310
ORP,M4208
DFLT,K32768
,D4160
FLT,K100
,D4162
FLT,R2018
,D4164
FLT,R2019
,D4166
FLT,R2030
,D4168
E*,D4160
,D4164
,D4170
E/,D4170
,D4162
,D4172
E*,D4160
,D4166
,D4174
E/,D4174
,D4162
,D4176
E*,D4160
,D4168
,D4200
E/,D4200
,D4162
,D4202
DINT,D4172
,D4180
DINT,D4176
,D4182
DNEG,D4182
DINT,D4202
,D4204
LDP,M4008
ORP,M1795
MOV,R2208
,D4186
LDP,M4008
ORP,M1795
FLT,D4186
,D4188
E*,D4160
,D4188
,D4190
E/,D4190
,D4162
,D4192
DINT,D4192
,D4194
LDP,M4008
ORP,M3310
ORP,M4208
-,R2018
,R2030
,D4206
-,D4206
,R2019
,D4198
LDP,M4008
ORP,M3310
ORP,M4208
DMOV,K1000000
,U8\G8004
DMOV,D4180
,U8\G8006
LDP,M4008
ORP,M3310
ORP,M4208
DMOV,K819200
,U8\G8014
DMOV,D4182
,U8\G8016
LDP,M4008
ORP,M1795
DMOV,K1000000
,U8\G8024
DMOV,D4194
,U8\G8026
LDP,M4008
ORP,M3310
ORP,M4208
DMOV,K819200
,U8\G8034
D-,D4180
,D4204
,U8\G8036
,
LD,M4008
D-,U4\G800
,K2500000
,D4300
DFLT,D4300
,D4302
E/,D4302
,E10000
,D4304
INT,D4304
,D4306
MOV,U4\G817
,D4308
MOV,U4\G877
,D4309
,
LD,M4008
DMOV,U4\G900
,D4310
DFLT,D4310
,D4312
E/,D4312
,E1000
,D4314
INT,D4314
,D4316
MOV,U4\G917
,D4318
MOV,U4\G977
,D4319
,
LD,M4008
DMOV,U8\G804
,D4320
MPS,
AND<,K0
,R2015
AND<>,K0
,D4320
DBL,R2015
,D4322
D/,D4320
,D4322
,D4326
D*,D4326
,K45
,D4328
MRD,
AND<>,K0
,D4320
D/,D4328
,K360
,D4330
D/,D4330
,K100
,D4332
MRD,
AND=,K0
,D4320
DMOV,K0
,D4332
MPP,
MOV,U8\G817
,D4334
,
LD,M4008
DMOV,U8\G900
,D4340
DFLT,D4340
,D4342
E*,D4342
,D4162
,D4344
E/,D4344
,D4160
,D4346
DINT,D4346
,D4348
WORD,D4348
,D4350
MOV,U8\G917
,D4352
,
LD,M4008
-,D442
,D1968
,D4360
,
LD,M4008
MOV,D449
,D4362
NEG,D4362
MOV,D440
,D4363
NEG,D4363
MOV,D441
,D4364
NEG,D4364
,
LDF,M4023
ORF,M4022
ORF,M4024
ORF,M4030
ORF,M4505
ORP,M4100
AND,X4C
SET,Y44
LD,Y44
ANI,X4C
RST,Y44
LDF,M4023
ORF,M4022
ORF,M4024
ORF,M4030
ORF,M4505
ORP,M4130
AND,X4D
SET,Y45
LD,Y45
ANI,X4D
RST,Y45
LDF,M4023
ORF,M4022
ORF,M4024
ORF,M4030
ORF,M4505
ORP,M4161
AND,X8C
SET,Y84
LD,Y84
ANI,X8C
RST,Y84
LDF,M4023
ORF,M4022
ORF,M4024
ORF,M4030
ORF,M4505
ORP,M4170
AND,X8D
SET,Y85
LD,Y85
ANI,X8D
RST,Y85
,
LD,M3310
MPS,
AND=,R2022
,D4306
OUT,M4050
MPP,
AND=,K0
,D4306
OUT,M4051
LD,M3310
MPS,
AND=,R2023
,D4316
OUT,M4052
MPP,
AND=,K0
,D4316
OUT,M4053
LD,M3310
AND,M4181
MPS,
AND=,R2018
,D4350
OUT,M4054
MRD,
AND=,R2208
,D4350
OUT,M4055
MRD,
AND=,D4198
,D4350
OUT,M4056
MPP,
AND=,D4206
,D4350
AND<,K0
,R2030
OUT,M4067
LD,X0D1
ANI,R2014.3
LD,X0D2
AND,R2014.3
ORB,
OUT,M4057
LD,X0D5
AND,R2014.0
LD,X0D6
LD,R2014.1
OR,R2014.2
ANB,
ORB,
OUT,M4058
LD,X0A2
AND,X0A4
AND,X0A6
AND,X0A8
ORI,R2014.0
OUT,M4059
LD,X0C7
LD,X0CC
OR,SM400
ANB,
LD,X0CE
OR,SM400
ANB,
AND,X0CF
AND,X0D0
ANI,X8C
MPS,
AND,M4057
AND,M4050
AND,M4052
AND,M4054
AND,M4059
MPS,
AND,M4058
OUT,M4060
MPP,
OUT,M4061
MPP,
AND,X0D1
AND,M4051
AND,M4053
AND,M4055
AND,D459.A
AND,D459.B
AND,D459.C
AND,D459.D
OUT,M4062
LD,D459.A
AND,D459.B
AND,D459.C
AND,D459.D
AND,M4181
OUT,M4063
LD,X0D0
AND,M4057
AND,M4050
AND,M4052
OUT,M4064
LD,X0C7
AND,M4054
ANI,X8C
OUT,M4065
LD,X0CC
AND,X0CE
OR,SM400
OUT,M4066
,
LD,M4162
OR,M4575
MPS,
AND,M4008
DMOVP,D4146
,U8\G1518
MRD,
LDI,M4163
AND,M4025
LDI,R2014.7
AND,M4024
ORB,
ANB,
OUT,Y88
MPP,
LD,M4163
AND,M4025
LD,R2014.7
AND,M4024
ORB,
ANB,
OUT,Y89
LD,Y88
OR,Y89
OUT,M4070
,
,
LDP,L7130
ORP,L7132
ORP,L7133
ORP,X48
LD,M4101
OR,M4102
ANB,
OUT,M4100
LDP,L7130
ANI,M4350
LD,M4350
ANI,M4050
ORB,
ANI,M4102
ANI,X4C
OR,M4101
ANI,M4100
ANI,X48
ANI,M4104
ANI,M4105
AND,M4025
AND,M4030
AND,M3310
OUT,M4101
MOVP,K1
,D4402
LDP,M4371
ANI,M4051
ANI,M4101
ANI,X4C
OR,M4102
ANI,M4100
ANI,X48
ANI,M4104
ANI,M4105
AND,M4025
AND,M4030
AND,M3310
OUT,M4102
MOVP,K2
,D4402
LD,M4101
OR,M4102
ZP.PSTRT1,"""U4"""
,D4400
,M4103
LD,M4103
ANI,M4104
OR,M4105
LD,M4101
OR,M4102
ANB,
OUT,M4105
LDP,L7131
INC,D4404
AND<=,K3
,D4404
MOV,K0
,D4404
LD,M4008
MPS,
AND=,K0
,D4404
DMOVP,K100000
,U4\G1518
MRD,
AND=,K1
,D4404
DMOVP,K250000
,U4\G1518
MPP,
AND=,K2
,D4404
DMOVP,K500000
,U4\G1518
LD,L7132
ANI,M4350
ANI,M4370
ANI,L7133
ANI,L7130
AND,M4025
ANI,X48
ANI,Y49
AND,M4030
AND>,K200
,D4306
OUT,Y48
LD,L7133
ANI,M4350
ANI,M4370
ANI,L7132
ANI,L7130
AND,M4025
ANI,X48
ANI,Y48
AND,M4030
AND<,K-200
,D4306
OUT,Y49
LDP,L7137
AND,M4108
OUT,M4107
LDP,L7137
OR,M4108
ANI,L7111
ANI,L7107
ANI,L7147
ANI,M4107
ANI,M4109
AND,M1109
AND,M4030
AND,M4025
OUT,M4108
LD,L7110
OR,M4109
AND,M4108
OUT,M4109
MOVP,D4306
,R2022
MOVP,D4306
,R3022
LD,L7135
AND,D4309.4
MOVP,K9001
,D4402
ZP.PSTRT1,"""U4"""
,D4400
,M4110
OUT,M4112
,
LDP,L7140
ORP,L7142
ORP,L7143
ORP,X49
LD,M4131
OR,M4132
ANB,
OUT,M4130
LDP,L7140
ANI,M4350
LD,M4350
ANI,M4052
ORB,
ANI,M4132
ANI,X4D
OR,M4131
ANI,M4130
ANI,X49
ANI,M4134
ANI,M4135
AND,M4025
AND,M4030
AND,M3310
OUT,M4131
MOVP,K1
,D4412
LDP,M4371
ANI,M4053
ANI,M4131
ANI,X4D
OR,M4132
ANI,M4130
ANI,X49
ANI,M4134
ANI,M4135
AND,M4025
AND,M4030
AND,M3310
OUT,M4132
MOVP,K2
,D4412
LD,M4131
OR,M4132
ZP.PSTRT2,"""U4"""
,D4410
,M4133
LD,M4133
ANI,M4134
OR,M4135
LD,M4131
OR,M4132
ANB,
OUT,M4135
LDP,L7141
INC,D4414
AND<=,K3
,D4414
MOV,K0
,D4414
LD,M4008
MPS,
AND=,K0
,D4414
DMOVP,K5000
,U4\G1618
MRD,
AND=,K1
,D4414
DMOVP,K25000
,U4\G1618
MPP,
AND=,K2
,D4414
DMOVP,K50000
,U4\G1618
LD,L7142
ANI,M4350
ANI,M4370
ANI,L7143
ANI,X0D3
ANI,L7140
AND,M4025
ANI,X49
AND,M4030
OUT,Y4A
LD,L7143
ANI,M4350
ANI,M4370
ANI,L7142
ANI,X0D4
ANI,L7140
AND,M4025
ANI,X49
AND,M4030
OUT,Y4B
LDP,L7147
AND,M4138
OUT,M4137
LDP,L7147
OR,M4138
ANI,L7111
ANI,X0D3
ANI,X0D4
ANI,L7107
ANI,L7137
ANI,M4137
ANI,M4139
AND,M1109
AND,M4030
AND,M4025
OUT,M4138
LD,L7110
OR,M4139
AND,M4138
OUT,M4139
MOVP,D4316
,R2023
MOVP,D4316
,R3023
LD,L7145
AND,D4319.4
MOVP,K9001
,D4412
ZP.PSTRT2,"""U4"""
,D4410
,M4140
OUT,M4142
,
LD,M4025
MPS,
ANDP,L7114
AND>,K500
,R3020
+,K1
,R3020
MRD,
ANDP,L7115
AND>=,K490
,R3020
+,K10
,R3020
MRD,
ANDP,L7116
AND>=,K400
,R3020
+,K100
,R3020
MRD,
ANDP,L7117
AND<,K0
,R3020
-,K1
,R3020
MRD,
ANDP,L7118
AND<=,K10
,R3020
-,K10
,R3020
MRD,
ANDP,L7119
AND<=,K100
,R3020
-,K100
,R3020
MPP,
LDP,L7114
ORP,L7115
ORP,L7116
ORP,L7117
ORP,L7118
ORP,L7119
ANB,
MOV,R3020
,R2020
OUT,M4160
LDP,L7120
ORP,L7121
ORP,L7122
ORP,L7123
ORP,L7124
LD,M4162
OR,M4164
ANB,
OUT,M4161
LDP,L7122
OR,M4162
ANI,M4161
ANI,M4164
ANI,M4350
ANI,M4371
AND,X0F9
ANI,X88
AND,M4030
AND,M4025
OUT,M4162
LD,L7120
ANI,M4505
LD,R2014.7
ANDP,M4505
ORB,
SET,M4163
LD,L7121
ANI,M4505
LDI,R2014.7
ANDP,M4505
ORB,
RST,M4163
LDP,L7124
ANI,X8C
ANI,X94
OR,M4164
ANI,M4161
ANI,M4165
AND,X0F9
ANI,X88
AND,M4030
AND,M4025
OUT,M4164
MOVP,K1
,D4422
LD,M4164
ZP.PSTRT1,"""U08"""
,D4420
,M4165
,
LDP,L7100
ORP,L7101
ORP,L7102
ORP,L7103
ORP,L7105
ORP,L7106
LD,M4171
OR,M4191
OR,M4192
OR,M4193
ANB,
OUT,M4170
LDP,L7100
LDP,M4350
ORP,M4371
ANI,M4181
ORB,
ANI,X8D
ANI,X95
OR,M4171
ANI,X89
ANI,M4170
ANI,M4183
AND,M4030
AND,M4025
OUT,M4171
LD,M4171
MOVP,K9001
,D4432
ZP.PSTRT2,"""U08"""
,D4430
,M4172
LDP,D4352.4
OR,M4176
AND,M4171
OUT,M4176
OUT,T405
,K5
LD,T405
DMOVP,D4194
,U8\G1606
MOVP,K9003
,D4432
ZP.PSTRT2,"""U08"""
,D4430
,M4174
LD,L7100
AND,M4025
PLS,M4180
LD,M4174
AND,M4171
OR,M4181
ANI,M4180
AND,M4030
OUT,M4181
LD,M4171
AND,SM412
OUT,M4182
LD,M4181
PLS,M4183
LDP,L7101
ORP,L7113
ANI,L7102
ANI,L7103
ANI,L7112
LD,M4350
ANI,M4171
ANI,M4054
ORB,
ANI,X8D
ANI,X95
AND,M4181
OR,M4191
ANI,M4170
ANI,M4195
ANI,X89
AND,M4030
AND,M4025
AND,M3310
OUT,M4191
MOVP,K1
,D4432
LDP,L7102
ANI,L7101
ANI,L7103
ANI,L7112
ANI,L7113
LD,M4054
OR,M4067
ANB,
AND,X0C6
ANI,X8D
ANI,X95
AND,M4181
OR,M4192
ANI,M4170
ANI,M4195
ANI,X89
AND,M4030
AND,M4025
AND,M3310
OUT,M4192
MOVP,K2
,D4432
LDP,L7103
ANI,L7101
ANI,L7102
ANI,L7112
ANI,L7113
LD,M4371
ANI,M4171
ANI,M4055
ORB,
ANI,X8D
ANI,X95
AND,M4181
OR,M4193
ANI,M4170
ANI,M4195
ANI,X89
AND,M4030
AND,M4025
OUT,M4193
MOVP,K3
,D4432
LDP,L7112
ANI,L7101
ANI,L7102
ANI,L7103
ANI,L7113
LD,M4054
OR,M4056
ANB,
ANI,X8D
ANI,X95
AND,M4181
OR,M4194
ANI,M4170
ANI,M4195
ANI,X89
AND,M4030
AND,M4025
AND,M3310
OUT,M4194
MOVP,K4
,D4432
LD,M4191
OR,M4192
OR,M4193
OR,M4194
ZP.PSTRT2,"""U08"""
,D4430
,M4195
LDP,L7104
INC,D4434
AND<=,K3
,D4434
MOV,K0
,D4434
LD,M4008
MPS,
AND=,K0
,D4434
DMOVP,K3000
,U8\G1618
MRD,
AND=,K1
,D4434
DMOVP,K50000
,U8\G1618
MPP,
AND=,K2
,D4434
DMOVP,K100000
,U8\G1618
LD,L7105
ANI,L7106
ANI,Y8B
ANI,X92
ANI,X0C9
ANI,M4191
ANI,M4192
ANI,M4193
ANI,X89
AND,M4030
AND,M4025
OUT,Y8A
LD,L7106
ANI,L7105
ANI,Y8A
ANI,X91
ANI,X0C8
ANI,M4191
ANI,M4192
ANI,M4193
ANI,X89
AND,M4030
AND,M4025
OUT,Y8B
LDP,L7107
AND,M4204
OUT,M4203
LDP,L7107
OR,M4204
ANI,L7111
ANI,X0C8
ANI,X0C9
ANI,L7137
ANI,L7147
ANI,M4203
ANI,T406
AND,M1109
AND,M4030
AND,M4025
OUT,M4204
LD,L7108
OR,M4205
ANI,L7109
ANI,L7125
AND,M4204
OUT,M4205
LD,L7125
OR,M4205
ANI,L7108
ANI,L7109
AND,M4204
OUT,M4206
LD,L7109
OR,M4207
ANI,L7108
ANI,L7125
AND,M4204
OUT,M4207
LDP,L7110
OR,M4208
MPS,
AND,M4205
MOVP,D4350
,R2018
MOVP,R2018
,R3018
MRD,
AND,M4206
#NAME?,R2018
,D4350
,R2030
MOVP,R2030
,R3030
MRD,
AND,M4207
#NAME?,R2018
,R2030
,R2019
#NAME?,R2019
,D4350
,R2019
MOVP,R2019
,R3019
MPP,
LD,M4205
OR,M4206
OR,M4207
ANB,
OUT,M4208
OUT,T406
,K10
,
LD,L7112
ANI,L7113
ANI,X0C6
AND,M4025
OUT,M4215
LD,L7113
OR,M4350
OR,M4371
ANI,L7112
ANI,X0C7
AND,M4025
OUT,M4216
,
LD,L7126
LD,M4217
AND,X0D5
ORB,
ANI,L7127
AND,Y1A0
AND,M4025
OUT,M4217
LD,L7127
LD,M4218
AND,X0D6
ORB,
ANI,L7126
AND,Y1A0
AND,M4025
OUT,M4218
,
LD,L7150
LD,M4350
ANI,R2014.3
ORB,
OR,M4371
OR,M4220
ANI,L7151
ANI,T407
AND,Y1A0
AND,M4025
OUT,M4220
AND,X0D1
OUT,T407
,K20
LD,L7151
LD,M4350
AND,R2014.3
ORB,
OR,M4221
ANI,L7150
ANI,T408
AND,Y1A0
AND,M4025
OUT,M4221
AND,X0D2
OUT,T408
,K20
,
LD,L7152
AND,Y1A0
AND,M4025
OR,M4222
LDI,L7153
ORI,Y1A0
ORI,M4025
ANB,
ANI,M4350
ANI,M4371
OUT,M4222
,
LD,L7154
AND,Y1A0
AND,M4025
OR,M4223
LDI,L7155
ORI,Y1A0
ORI,M4025
ANB,
ANI,M4350
ANI,M4371
OUT,M4223
,
LD,L7156
ANI,L7157
ANI,M4350
ANI,M4371
AND,M4025
OUT,M4224
LD,L7157
OR,M4350
OR,M4371
ANI,L7156
AND,M4025
OUT,M4225
LD,Y1B2
AND,Y1B4
OUT,M4226
LD,Y1B3
AND,Y1B5
OUT,M4227
,
LDP,L7008
OR,M4377
LDI,M4061
ORI,D459.A
ORI,D459.B
ORI,D459.C
ORI,D459.D
ANB,
OR,M4350
ANI,L7009
ANI,M4990
ANI,M4991
ANI,M4359
AND,M3310
AND,M4030
LD,Y1A0
ORI,L3021
ANB,
AND,M4025
OUT,M4350
LD,X0D0
AND,X0CF
AND,M4350
OUT,M4351
OUT,T419
,K5
LD,M4351
ANI,T419
OUT,M4352
LD,D459.D
OR,M4353
AND,T419
OUT,M4353
LD,M4353
OUT,M4354
LDI,D459.A
OR,M4355
AND,M4354
OUT,M4355
LDI,D459.C
OR,M4356
AND,M4354
OUT,M4356
LD,D459.C
AND,M4353
AND,M4356
ANI,R2014.1
OUT,M4357
LD,D459.A
AND,D459.B
AND,D459.D
AND,X0A6
AND,M4355
AND,M4356
ANI,R2014.1
OUT,M4358
LD,M4061
AND,M4350
AND,D459.A
AND,D459.B
AND,D459.C
AND,D459.D
OUT,M4359
LD,M4350
ANI,M4376
AND,SM412
OUT,M4360
LD,M4350
ANI,M4376
OUT,M4361
,
LD,L7010
OR,M4370
ANI,M4990
ANI,M4991
ANI,M4378
AND,M3310
AND,M4030
AND,Y1A0
AND,M4022
OUT,M4370
LDP,M4370
OR,M4371
ANI,M4373
AND,M4370
OUT,M4371
LD,X0AF
OR,M4372
AND,M4370
OUT,M4372
LD,M4062
AND,M4372
OR,M4373
AND,M4370
OUT,M4373
LD,M4373
ANI,T422
OUT,M4374
LDI,Y19B
OR,M4375
AND,M4373
OUT,M4375
ANI,M4376
OUT,T420
,K10
LD,L7011
OR,M4376
AND,M4373
OUT,M4376
OUT,T422
,K10
OUT,T423
,K15
LD,T423
OUT,M4377
LD,M4359
AND,M4377
OUT,M4378
LD,M4370
ANI,M4374
OUT,M4380
LD,M4374
ANI,M4376
OUT,M4381
LD,M4376
OUT,M4382
LD,M4370
AND,SM412
ANI,M4374
OUT,M4383
LD,M4376
AND,SM412
OUT,M4384
,
LD,L7012
AND,M4061
OR,M4400
ANI,L7013
LD,M1125
OR,M2125
ANB,
AND,M3310
AND,M4030
AND,M4025
OUT,M4400
LDP,L7014
OR,M4401
ANI,M4417
AND,M4400
OUT,M4401
LD,M4401
MPS,
ANI,T424
OUT,M4402
MPP,
OUT,T424
,K5
LD,X0AD
OR,M4403
AND,T424
OUT,M4403
LDP,L7014
AND>,R2040
,R2045
OR<,R2040
,R2045
AND,X0B3
OR,M4404
AND,M4403
OUT,M4404
LD,M4404
MPS,
ANI,T425
OUT,M4405
MPP,
OUT,T425
,K5
LDP,X0B3
AND>,R2040
,R2045
OR,M4406
ANI,M4408
AND,T425
OUT,M4406
LDP,L7014
AND,M4406
OR,M4407
ANI,M4408
ANI,M4409
AND,T425
OUT,M4407
LD,M4407
OR,M4408
ANI,T426
AND,T425
OUT,M4408
OUT,T426
,K5
LD,X0A0
OR,M4409
AND,T425
OUT,M4409
LDP,L7014
OR,M4410
AND,M4409
OUT,M4410
LD,M4410
MPS,
ANI,T427
OUT,M4411
MPP,
OUT,T427
,K5
LD,X0B3
OR,M4412
ANI,M4414
AND,T427
OUT,M4412
LDP,L7014
AND,M4412
OR,M4413
ANI,M4414
ANI,M4415
AND,T427
OUT,M4413
LD,M4413
OR,M4414
ANI,T428
AND,T427
OUT,M4414
OUT,T428
,K5
LD,X0A1
OR,M4415
AND,T427
OUT,M4415
LDP,L7014
OR,M4416
AND,X0CF
AND,M4415
OUT,M4416
LD,X0A8
OR,M4417
AND,M4416
OUT,M4417
LD,M4402
LD,M4405
OR,M4408
AND>,R2040
,R2045
ORB,
OR,M4411
OR,M4414
OR,M4416
OUT,M4418
LD,M4402
LD,M4405
OR,M4408
AND>,R2040
,R2045
ORB,
OR,M4411
OR,M4414
AND>=,K20
,D4500
INCP,D4500
LD,M4400
MOV,D4500
,Z11
OUT,L2500Z11
LDF,M4400
OR,M4417
MOV,K0
,D4500
MOV,K0
,K4L2500
MOV,K0
,K1L2516
RST,L2520
,
LDI,M4502
AND,M4024
OUT,M4501
LD,L7005
OR,M4502
ANI,L7004
AND,M4024
OUT,M4502
LD,L7005
AND,M4505
OUT,M4503
LD,X148
AND,X149
AND,X14A
AND,X14E
AND,M6060
ANI,M6990
ANI,M6991
AND,X60A
AND,X600
ANI,M7450
ANI,M7451
AND,X68A
AND,X680
ANI,M7950
ANI,M7951
OR,M4502
AND,L7006
AND,M4060
AND,M4030
LD,M4031
ORI,L3021
ANB,
AND,M3310
ANI,M4990
ANI,M4991
OR,M4505
ANI,M4503
ANI,M4509
ANI,M4510
AND,M4024
AND,M4515
OUT,M4505
LD,X148
AND,X149
AND,X14A
AND,X14E
OUT,M4515
LD,M4505
MPS,
AND,M4502
OUT,M4506
MPP,
AND,M4501
OUT,M4507
LD,X8C
AND,R2014.2
LDI,X0C7
AND,R2014.0
ORB,
OR,M4508
AND,M4506
OUT,M4508
LDI,X8C
AND,R2014.2
LD,M4060
AND,R2014.0
ORB,
AND,M4508
OUT,M4509
LD,L7007
AND,M4060
AND,M4507
OUT,M4510
,
,
,
,
,
,
,
,
,
,
,
,
,
,
,
LDP,M4506
ORP,M4507
ORF,M4507
MOV,K0
,D4990
LDP,Y226
AND,X614
AND,M4507
MPS,
AND<>,K1
,D7490
MOV,D7490
,D4990
MRD,
AND=,K1
,D7490
MOV,K1
,D4990
MPP,
MOV,K0
,D7490
LDP,X0AA
LDP,X0AE
AND,SM401
ORB,
ORP,M6676
AND,M4505
SET,D4990.4
LDP,X0AE
AND,M4505
AND,SM401
SET,D4990.5
,
LD,X0D5
AND,Y1A0
AND,M4505
OUT,M4520
LD,X0D6
AND,Y1A0
AND,M4505
OUT,M4521
,
LDP,X144
AND,X614
OR,M4550
ANI,M4563
AND,R2014.0
AND,M4507
OUT,M4550
LDP,X615
AND,X144
OR,M4551
AND,M4550
OUT,M4551
LDP,M4506
OR,M4554
ANI,M4563
AND,R2014.0
AND,M4506
OUT,M4554
LD,M4551
OR,M4554
OUT,T434
,K1
LD,T434
ANI,M4558
OUT,M4557
LD,X0C6
AND,X0AD
OR,M4558
AND,T434
OUT,M4558
LD,Y1B7
OR,M4560
AND,M4558
OUT,M4560
LD,X0A1
OR,M4561
AND,M4560
OUT,M4561
LD,M4561
ANI,M4563
ANI,Y1B7
OUT,M4562
LD,X0C7
OR,M4563
AND,M4561
OUT,M4563
,
LDP,Y1B0
OR,M4570
ANI,T421
AND<,K0
,R2020
AND=,K0
,R2021
AND,R2014.0
AND,M4505
OUT,M4570
LD,X0CB
AND,X0CD
ORI,R2014.4
AND,X0C6
AND,X0AD
OR,M4571
AND,M4570
OUT,M4571
LDP,Y226
AND,X614
OR,M4572
ANI,T421
AND<,K0
,R2020
AND=,K0
,R2021
ANI,T421
AND,R2014.2
AND,M4507
OUT,M4572
LDP,X615
AND,X144
OR,M4573
AND,M4572
OUT,M4573
LDP,M4506
OR,M4574
AND<,K0
,R2020
AND=,K0
,R2021
AND,R2014.2
AND,M4506
OUT,M4574
LDP,M4571
ORP,M4573
ORP,M4574
OR,M4575
ANI,T421
OUT,M4575
OUT,T421
,K30
LDP,Y1B0
OR,M4577
ANI,M4585
AND<,K0
,R2020
AND<>,K0
,R2021
AND,R2014.0
AND,M4505
OUT,M4577
LD,X0CB
AND,X0CD
ORI,R2014.4
AND,X0C6
AND,X0AD
OR,M4578
AND,M4577
OUT,M4578
LD,Y226
AND,X614
OR,M4579
ANI,M4585
AND<,K0
,R2020
AND<>,K0
,R2021
AND,R2014.2
AND,M4507
OUT,M4579
LDP,X615
AND,X144
OR,M4580
AND,M4572
OUT,M4580
LDP,M4506
OR,M4581
AND<,K0
,R2020
AND<>,K0
,R2021
AND,R2014.2
AND,M4506
OUT,M4581
LDI,X8C
ANI,X94
OR,M4582
LD,M4578
OR,M4580
OR,M4581
ANB,
OUT,M4582
MOVP,K1
,D4422
LD,M4582
ZP.PSTRT1,"""U08"""
,D4420
,M4583
LD,M4583
ANI,M4584
OR,M4585
AND,M4582
OUT,M4585
LDP,X692
ANI,X8C
ANI,X94
OR,M4586
ANI,M4587
AND,R2014.1
AND,M4507
OUT,M4586
MOVP,K2
,D4422
LD,M4586
ZP.PSTRT1,"""U08"""
,D4420
,M4587
,
LDP,X144
AND,X614
OR,M4590
ANI,M4600
AND,R2014.0
AND,M4507
OUT,M4590
LDP,X615
AND,X144
OR,M4591
AND,M4590
OUT,M4591
LDP,M4506
OR,M4592
AND,R2014.0
AND,M4506
OUT,M4592
LD,M4591
OR,M4592
OUT,M4594
LD,M4594
MPS,
ANI,T429
OUT,M4595
MPP,
OUT,T429
,K5
LD,X0AD
OR,M4596
AND,T429
OUT,M4596
LDF,Y1B6
OR,M4597
AND,M4596
OUT,M4597
LD,X0CF
OR,M4598
AND,M4597
OUT,M4598
LD,M4598
MPS,
ANI,T430
OUT,M4599
MPP,
OUT,T430
,K5
LD,X0A8
OR,M4600
AND,M4598
OUT,M4600
,
LDP,Y1B0
OR,M4610
ANI,M4616
AND,M4505
OUT,M4610
LD,X0C6
AND,X0AD
OR,M4611
AND,M4610
OUT,M4611
LD,X8C
OR=,K0
,R2020
LD,X0CB
AND,X0CD
ORI,R2014.4
ANB,
OR,M4612
AND,M4611
OUT,M4612
LD,M4612
MPS,
ANI,T431
OUT,M4615
MPP,
OUT,T431
,K5
LD,X0A0
OR,M4616
AND,T431
OUT,M4616
,
LDP,Y1B6
OR,M4620
ANI,M4624
AND,M4505
OUT,M4620
OUT,T432
,K5
LD,T432
MPS,
ANI,T435
OUT,M4623
MPP,
OUT,T435
,K5
LD,X0A1
OR,M4624
AND,T435
OUT,M4624
,
LDP,X0A0
OR,M4630
ANI,M4637
AND,R2014.3
AND,M4505
OUT,M4630
LDF,X8C
OR=,K0
,R2020
OR,M4631
ANI,M4637
AND,R2014.3
AND,M4505
OUT,M4631
LD,M4630
AND,M4631
ANI,T436
OUT,M4632
LD,X0D1
OR,M4633
AND,M4630
OUT,M4633
LDF,Y1B7
OR,M4635
AND,M4633
OUT,M4635
OUT,T436
,K10
LD,T436
ANI,Y1B8
OUT,M4636
LD,X0D2
OR,M4637
AND,T436
OUT,M4637
,
LDP,M4056
AND<>,K0
,R2019
OR=,K0
,R2019
OR,M4640
ANI,M4649
AND,M4505
OUT,M4640
LDP,X0A0
OR,M4641
ANI,M4649
AND,M4505
OUT,M4641
LDF,X8C
OR=,K0
,R2020
OR,M4642
ANI,M4649
AND,M4505
OUT,M4642
LDP,X0D1
AND,R2014.3
LD,X0D1
ANI,R2014.3
ORB,
OR,M4643
ANI,M4649
AND,M4505
OUT,M4643
LD,M4640
AND,M4641
AND,M4642
AND,M4643
OUT,M4644
LD,M4644
ANI,M4647
OUT,M4645
LDF,Y1B6
OR,M4646
AND,M4644
OUT,M4646
OUT,T437
,K2
LD,T437
OR,M4647
AND,M4646
OUT,M4647
LD,X0D0
OR,M4649
AND,M4647
OUT,M4649
,
LDP,Y1B7
OR,M4650
ANI,M4656
AND,M4505
OUT,M4650
OUT,T438
,K5
LD,T438
MPS,
ANI,M4655
OUT,M4652
MPP,
OUT,T439
,K10
LDP,X0A1
OR,M4655
AND,T439
OUT,M4655
LD,X0CF
OR,M4656
AND,M4655
OUT,M4656
,
LDP,X144
AND,X614
OR,M4660
ANI,M4669
AND,R2014.4
AND,R2014.0
AND,M4507
OUT,M4660
LDP,X615
AND,X144
OR,M4661
AND,M4660
OUT,M4661
LDP,M4506
OR,M4662
AND,R2014.4
AND,R2014.0
AND,M4506
OUT,M4662
LD,M4661
OR,M4662
ANI,M4665
OUT,M4664
LD,X0CB
AND,X0CD
OR,M4665
LD,M4661
OR,M4662
ANB,
OUT,M4665
LDP,X0A0
OR,M4666
AND,M4665
OUT,M4666
LDF,X8C
OR=,K0
,R2020
OR,M4667
AND,M4665
OUT,M4667
LD,M4666
AND,M4667
ANI,M4669
OUT,M4668
LD,X0CC
AND,X0CE
OR,M4669
AND,M4666
OUT,M4669
,
LDP,X144
AND,X614
OR,M4670
ANI,M4704
AND<>,K0
,R2030
AND,R2014.0
AND,M4507
OUT,M4670
LDP,X615
AND,X144
OR,M4671
AND,M4670
OUT,M4671
LDP,M4506
OR,M4674
ANI,M4704
AND<>,K0
,R2030
AND,R2014.0
AND,M4506
OUT,M4674
LD,M4671
OR,M4674
OUT,T442
,K1
LDI,X8D
ANI,X95
OR,M4675
AND,T442
OUT,M4675
MOVP,K4
,D4432
LD,M4675
ZP.PSTRT2,"""U08"""
,D4430
,M4676
LD,M4676
ANI,M4677
OR,M4678
AND,M4675
OUT,M4678
,
LDP,X0A0
OR,M4680
ANI,M4704
ANI,R2014.3
AND<>,K0
,R2019
AND,M4505
OUT,M4680
LDF,X8C
OR=,K0
,R2020
OR,M4681
ANI,M4704
ANI,R2014.3
AND<>,K0
,R2019
AND,M4505
OUT,M4681
LDP,X0D1
OR,M4682
ANI,M4704
AND,R2014.3
AND<>,K0
,R2019
AND,M4505
OUT,M4682
LD,M4680
AND,M4681
OR,M4682
OUT,M4683
LDI,X8D
ANI,X95
OR,M4684
AND,M4683
OUT,M4684
MOVP,K2
,D4432
LD,M4684
ZP.PSTRT2,"""U08"""
,D4430
,M4685
LD,M4685
ANI,M4686
OR,M4687
AND,M4684
OUT,M4687
,
LD,X0A1
OR,M4700
LD,M4678
OR,M4687
ANB,
OUT,M4700
LDI,X8D
ANI,X95
OR,M4701
AND,M4700
OUT,M4701
MOVP,K1
,D4432
LD,M4701
ZP.PSTRT2,"""U08"""
,D4430
,M4702
LD,M4702
ANI,M4703
OR,M4704
AND,M4701
OUT,M4704
,
LDP,X0AB
MOV,D440
,D4510
MOV,D441
,D4512
MOV,D4360
,D4514
,
LD,D459.E
AND,M4008
OUT,M4800
LD,M4800
ANI,M4802
OUT,M4801
LD,L7020
OR,M4802
AND,M4800
OUT,M4802
LD,L7021
AND,M4802
OUT,M4803
LD,M4800
AND,SM412
OR,M4802
OUT,M4804
LDI,X0B8
OR,M4805
ANI,M4808
AND,M4008
OUT,M4805
LD,M4805
ANI,M4807
OUT,M4806
LD,L7020
OR,M4807
AND,M4805
OUT,M4807
LD,L7021
AND,X0B8
AND,M4807
OUT,M4808
LD,M4805
AND,SM412
OR,M4807
OUT,M4809
LDI,X0BB
OR,M4810
ANI,M4813
AND,M4008
OUT,M4810
LD,M4810
ANI,M4812
OUT,M4811
LD,L7020
OR,M4812
AND,M4810
OUT,M4812
LD,L7021
AND,X0BB
AND,M4812
OUT,M4813
LD,M4810
AND,SM412
OR,M4812
OUT,M4814
LD,X0D7
OR,M4815
ANI,M4818
AND,M4008
OUT,M4815
LD,M4815
ANI,M4817
OUT,M4816
LD,L7020
OR,M4817
AND,M4815
OUT,M4817
LD,L7021
ANI,X0D7
AND,M4817
OUT,M4818
LD,M4815
AND,SM412
OR,M4817
OUT,M4819
LD,X0A3
AND,T400
OUT,M4820
LD,M4820
ANI,M4822
OUT,M4821
LD,L7020
OR,M4822
AND,M4820
OUT,M4822
LD,L7021
OR,M4823
AND,M4822
MPS,
ANI,T447
OUT,M4823
MPP,
OUT,T447
,K20
LD,M4820
AND,SM412
OR,M4822
OUT,M4824
LD,X0A5
AND,T400
OUT,M4825
LD,M4825
ANI,M4827
OUT,M4826
LD,L7020
OR,M4827
AND,M4825
OUT,M4827
LD,L7021
OR,M4828
AND,M4827
MPS,
ANI,T448
OUT,M4828
MPP,
OUT,T448
,K20
LD,M4825
AND,SM412
OR,M4827
OUT,M4829
LD,X0A7
AND,T400
OUT,M4830
LD,M4830
ANI,M4832
OUT,M4831
LD,L7020
OR,M4832
AND,M4830
OUT,M4832
LD,L7021
OR,M4833
AND,M4832
MPS,
ANI,T449
OUT,M4833
MPP,
OUT,T449
,K20
LD,M4830
AND,SM412
OR,M4832
OUT,M4834
LD,X0A9
AND,T400
OUT,M4835
LD,M4835
ANI,M4837
OUT,M4836
LD,L7020
OR,M4837
AND,M4835
OUT,M4837
LD,L7021
OR,M4838
AND,M4837
MPS,
ANI,T450
OUT,M4838
MPP,
OUT,T450
,K20
LD,M4835
AND,SM412
OR,M4837
OUT,M4839
LD,Y1A1
OUT,T454
,K10
LDI,X0B9
AND,T454
AND,T400
OUT,M4840
LD,M4840
ANI,M4842
OUT,M4841
LD,L7020
OR,M4842
AND,M4840
OUT,M4842
LD,L7021
OR,M4843
AND,M4842
AND,M4008
OUT,M4843
LD,M4840
AND,SM412
OR,M4842
OUT,M4844
LD,Y1A2
OUT,T456
,K10
LDI,X0BA
AND,T456
AND,T400
OUT,M4845
LD,M4845
ANI,M4847
OUT,M4846
LD,L7020
OR,M4847
AND,M4845
OUT,M4847
LD,L7021
OR,M4848
AND,M4847
AND,M4008
OUT,M4848
LD,M4845
AND,SM412
OR,M4847
OUT,M4849
LD,M4008
MOV,U8\G807
,D4530
MOV,U8\G806
,D4531
LD,D4334.9
AND,M4008
OUT,M4850
LD,M4850
ANI,M4852
OUT,M4851
LD,L7020
OR,M4852
AND,M4850
OUT,M4852
LD,L7021
AND,M4852
OUT,M4853
MOVP,K1
,U8\G1502
LD,M4850
AND,SM412
OR,M4852
OUT,M4854
LD,X88
AND,M4008
OUT,M4855
LD,M4855
ANI,M4857
OUT,M4856
LD,L7020
OR,M4857
AND,M4855
OUT,M4857
LD,L7021
AND,M4857
OUT,M4858
MOVP,K1
,U8\G1502
LD,M4855
AND,SM412
OR,M4857
OUT,M4859
LD,M4008
MOV,U8\G907
,D4532
MOV,U8\G906
,D4533
LD,D4352.9
AND,M4008
OUT,M4860
LD,M4860
ANI,M4862
OUT,M4861
LD,L7020
OR,M4862
AND,M4860
OUT,M4862
LD,L7021
AND,M4862
OUT,M4863
MOVP,K1
,U8\G1602
LD,M4860
AND,SM412
OR,M4862
OUT,M4864
LD,X89
AND,M4008
OUT,M4865
LD,M4865
ANI,M4867
OUT,M4866
LD,L7020
OR,M4867
AND,M4865
OUT,M4867
LD,L7021
AND,M4867
OUT,M4868
MOVP,K1
,U8\G1602
LD,M4865
AND,SM412
OR,M4867
OUT,M4869
LD,M4008
MOV,U4\G807
,D4540
MOV,U4\G806
,D4541
LD,D4308.9
AND,M4008
OUT,M4870
LD,M4870
ANI,M4872
OUT,M4871
LD,L7020
OR,M4872
AND,M4870
OUT,M4872
LD,L7021
AND,M4872
OUT,M4873
MOVP,K1
,U4\G1502
LD,M4870
AND,SM412
OR,M4872
OUT,M4874
LD,X48
AND,M4008
OUT,M4875
LD,M4875
ANI,M4877
OUT,M4876
LD,L7020
OR,M4877
AND,M4875
OUT,M4877
LD,L7021
AND,M4877
OUT,M4878
MOVP,K1
,U4\G1502
LD,M4875
AND,SM412
OR,M4877
OUT,M4879
LD,M4008
MOV,U4\G907
,D4542
MOV,U4\G906
,D4543
LD,D4318.9
AND,M4008
OUT,M4880
LD,M4880
ANI,M4882
OUT,M4881
LD,L7020
OR,M4882
AND,M4880
OUT,M4882
LD,L7021
AND,M4882
OUT,M4883
MOVP,K1
,U4\G1602
LD,M4880
AND,SM412
OR,M4882
OUT,M4884
LD,X49
AND,M4008
OUT,M4885
LD,M4885
ANI,M4887
OUT,M4886
LD,L7020
OR,M4887
AND,M4885
OUT,M4887
LD,L7021
AND,M4887
OUT,M4888
MOVP,K1
,U4\G1602
LD,M4885
AND,SM412
OR,M4887
OUT,M4889
LD,X0B0
AND,X0A5
AND,M4008
OUT,M4890
LD,M4890
ANI,M4892
OUT,M4891
LD,L7020
OR,M4892
AND,M4890
OUT,M4892
LD,L7021
AND,M4892
OUT,M4893
LD,M4890
AND,SM412
OR,M4892
OUT,M4894
LD,X0B1
AND,X0A7
AND,M4008
OUT,M4895
LD,M4895
ANI,M4897
OUT,M4896
LD,L7020
OR,M4897
AND,M4895
OUT,M4897
LD,L7021
AND,M4897
OUT,M4898
LD,M4895
AND,SM412
OR,M4897
OUT,M4899
LD,X0B2
AND,X0A9
AND,M4008
OUT,M4900
LD,M4900
ANI,M4902
OUT,M4901
LD,L7020
OR,M4902
AND,M4900
OUT,M4902
LD,L7021
AND,M4902
OUT,M4903
LD,M4900
AND,SM412
OR,M4902
OUT,M4904
LDP,X0AE
OR,M4905
ANI,M4908
AND,M4008
AND,SM401
OUT,M4905
LD,M4905
ANI,M4907
OUT,M4906
LD,L7020
OR,M4907
AND,M4905
OUT,M4907
LD,L7021
AND,M4907
OUT,M4908
LD,M4905
AND,SM412
OR,M4907
OUT,M4909
LDP,X0AA
OR,M4910
ANI,M4913
AND,M4008
OUT,M4910
LD,M4910
ANI,M4912
OUT,M4911
LD,L7020
OR,M4912
AND,M4910
OUT,M4912
LD,L7021
AND,M4912
OUT,M4913
LD,M4910
AND,SM412
OR,M4912
OUT,M4914
LDI,X0C6
ANI,X0C7
LD,X0C6
AND,X0C7
ORB,
OUT,T460
,K100
LD,T460
OR,M4915
ANI,M4918
AND,M4008
OUT,M4915
LD,M4915
ANI,M4917
OUT,M4916
LD,L7020
OR,M4917
AND,M4915
OUT,M4917
LD,L7021
ANI,T460
AND,M4917
OUT,M4918
LD,M4915
AND,SM412
OR,M4917
OUT,M4919
LDI,X0D1
ANI,X0D2
LD,X0D1
AND,X0D2
ORB,
OUT,T461
,K100
LD,T461
OR,M4920
ANI,M4923
AND,M4008
OUT,M4920
LD,M4920
ANI,M4922
OUT,M4921
LD,L7020
OR,M4922
AND,M4920
OUT,M4922
LD,L7021
ANI,T461
AND,M4922
OUT,M4923
LD,M4920
AND,SM412
OR,M4922
OUT,M4924
LDI,X0D0
ANI,Y1B7
LD,X0D0
AND,Y1B7
ORB,
OUT,T462
,K100
LD,T462
OR,M4925
ANI,M4928
AND,M4008
OUT,M4925
LD,M4925
ANI,M4927
OUT,M4926
LD,L7020
OR,M4927
AND,M4925
OUT,M4927
LD,L7021
ANI,T462
AND,M4927
OUT,M4928
LD,M4925
AND,SM412
OR,M4927
OUT,M4929
LDI,X0CF
ANI,Y1B6
LD,X0CF
AND,Y1B6
ORB,
OUT,T463
,K100
LD,T463
OR,M4930
ANI,M4933
AND,M4008
OUT,M4930
LD,M4930
ANI,M4932
OUT,M4931
LD,L7020
OR,M4932
AND,M4930
OUT,M4932
LD,L7021
ANI,T463
AND,M4932
OUT,M4933
LD,M4930
AND,SM412
OR,M4932
OUT,M4934
LDI,X0CB
ANI,X0CC
LD,X0CB
AND,X0CC
ORB,
LD,SM401
OR,R2014.4
ANB,
OUT,T464
,K100
LD,T464
OR,M4935
ANI,M4938
AND,M4008
OUT,M4935
LD,M4935
ANI,M4937
OUT,M4936
LD,L7020
OR,M4937
AND,M4935
OUT,M4937
LD,L7021
ANI,T464
AND,M4937
OUT,M4938
LD,M4935
AND,SM412
OR,M4937
OUT,M4939
LDI,X0CD
ANI,X0CE
LD,X0CD
AND,X0CE
ORB,
LD,SM401
OR,R2014.4
ANB,
OUT,T465
,K100
LD,T465
OR,M4940
ANI,M4943
AND,M4008
OUT,M4940
LD,M4940
ANI,M4942
OUT,M4941
LD,L7020
OR,M4942
AND,M4940
OUT,M4942
LD,L7021
ANI,T465
AND,M4942
OUT,M4943
LD,M4940
AND,SM412
OR,M4942
OUT,M4944
LDI,X0D9
OUT,T466
,K50
LD,T466
OR,M4945
ANI,M4948
AND,M4008
OUT,M4945
LD,M4945
ANI,M4947
OUT,M4946
LD,L7020
OR,M4947
AND,M4945
OUT,M4947
LD,L7021
ANI,T466
AND,M4947
OUT,M4948
LD,M4945
AND,SM412
OR,M4947
OUT,M4949
LD,X0CF
AND,Y1B6
OUT,T467
,K500
LD,X0DA
AND,Y1B6
OR,T467
AND,M4008
AND,M4024
AND,D4990.0
OUT,M6676
LD,M6676
OR,M4950
ANI,M4953
AND,M4008
OUT,M4950
LD,M4950
ANI,M4952
OUT,M4951
LD,L7020
OR,M4947
AND,M4950
OUT,M4952
LD,L7021
ANI,T467
OUT,M4953
LD,M4950
AND,SM412
OR,M4952
OUT,M4954
LDI,M4805
ANI,M4820
ANI,M4825
ANI,M4830
ANI,M4835
ANI,M4840
ANI,M4845
ANI,M4855
ANI,M4865
ANI,M4875
ANI,M4885
ANI,M4890
ANI,M4895
ANI,M4900
ANI,M4945
INV,
OUT,M4990
LDI,M4915
ANI,M4920
ANI,M4925
ANI,M4930
ANI,M4935
ANI,M4940
INV,
OUT,M4991
LDI,M4800
ANI,M4810
ANI,M4815
ANI,M4850
ANI,M4860
ANI,M4870
ANI,M4880
ANI,M4905
ANI,M4910
INV,
OUT,M4992
LDI,M4990
ANI,M4991
ANI,M4992
INV,
OUT,M4993
LDI,M4801
ANI,M4951
ANI,M4806
ANI,M4811
ANI,M4816
ANI,M4821
ANI,M4826
ANI,M4831
ANI,M4836
ANI,M4841
ANI,M4846
ANI,M4851
ANI,M4856
ANI,M4861
ANI,M4866
ANI,M4871
ANI,M4876
ANI,M4881
ANI,M4886
ANI,M4891
ANI,M4896
ANI,M4901
ANI,M4906
ANI,M4911
ANI,M4916
ANI,M4921
ANI,M4926
ANI,M4931
ANI,M4936
ANI,M4941
ANI,M4946
INV,
OUT,M4995
MPS,
AND,X0C0
MOVP,K15
,D4008
MPP,
AND,X100
MOVP,K15
,D5008
LD,M4854
OR,M4859
OUT,M4996
LD,M4864
OR,M4869
OUT,M4997
LD,M4874
OR,M4879
OUT,M4998
LD,M4884
OR,M4889
OUT,M4999
END,
LDP,L8000
OR,M7010
ANI,M7012
AND,X605
AND,X606
AND,M7020
AND,M7021
AND,M7022
AND,M6008
OUT,M7010
LD,M7010
OUT,M7011
LD,M7010
AND,X602
OR,M7012
AND,M7010
OUT,M7012
,
LDI,X148
ORI,X149
ORI,X14A
ORI,X14E
LD,M4507
OR,M5507
ANB,
OR,M7019
ANI,T705
AND,M6008
OUT,M7019
OUT,T705
,K10
LD,X121
AND,SM403
OUT,M7020
LD,X148
AND,X149
AND,X14A
AND,X14E
LDI,M4507
ANI,M5507
ANI,SM400
ORB,
ANI,M7019
AND,SM403
OUT,M7021
LD,M7020
AND,M7021
ANI,L8003
ANI,M7420
AND,M6008
OUT,M7022
,
LD,L8001
OR,M7023
ANI,M7024
AND,X602
AND,M7021
AND,M7022
AND,M6008
OUT,M7023
LD,M7023
AND,X601
LD,L8001
AND,M7024
ORB,
OUT,M7024
,
LD,L8002
AND,X601
AND,X602
ANI,X603
AND,X60A
OR,M7025
ANI,M7026
AND,M7021
AND,M7022
AND,M6008
OUT,M7025
LD,M7025
AND,X600
LD,L8002
AND,M7026
ORB,
OUT,M7026
,
LDP,M3310
MOV,R1015
,W500
MOV,R1017
,W501
MOV,R1018
,W502
MOV,R1019
,W503
MOV,R1020
,W504
MOV,R1021
,W505
MOV,R1022
,W506
,
LD<>,W400
,W500
ANI,SM400
AND,X600
OUT,M7060
OUT,T710
,K20
LD<>,W401
,W501
AND,X600
OUT,M7061
OUT,T711
,K20
LD<>,W402
,W502
AND,X600
OUT,M7062
OUT,T712
,K20
LD<>,W403
,W503
AND,X600
OUT,M7063
OUT,T713
,K20
LD<>,W404
,W504
AND,X600
OUT,M7064
OUT,T714
,K20
LD<>,W405
,W505
AND,X600
OUT,M7065
OUT,T715
,K20
LD<>,W406
,W506
AND,X600
OUT,M7066
OUT,T716
,K20
LDI,T710
ANI,T711
ANI,T712
ANI,T713
ANI,T714
ANI,T715
ANI,T716
AND,X600
OUT,M7070
LDI,T710
ANI,T711
ANI,T712
ANI,T713
ANI,T714
ANI,T715
ANI,T716
INV,
AND,X600
OUT,M7071
,
LD,L8022
OR,X61E
ANI,L8025
ANI,X61F
AND,M6026
OUT,M7100
LD,L8025
OR,X61F
ANI,L8022
ANI,X61E
AND,M6026
OUT,M7101
LD,L8011
AND,X60A
OR,M7102
LDI,L8012
ORI,X60A
ANB,
AND,M6026
OUT,M7102
LD,L8012
AND,X60A
OR,M7103
LDI,L8011
ORI,X60A
ANB,
AND,M6026
OUT,M7103
LD,L8013
AND,X60A
OR,M7104
LDI,L8014
ORI,X60A
ANB,
OR,SM400
OUT,M7104
LD,L8014
AND,X60A
OR,M7105
LDI,L8013
ORI,X60A
ANB,
AND,SM401
OUT,M7105
LD,L8026
LD,X614
OR,X617
ANB,
OR,M7110
ANI,X60A
AND,X600
AND,X601
AND,M6026
OUT,M7110
LD,L8020
LD,M7104
OR,M7105
ANB,
AND,X60A
OR,M7111
ANI,X610
AND,X600
AND,X601
AND,M6026
OUT,M7111
LD,L8021
LD,M7104
OR,M7105
ANB,
AND,X610
OR,M7112
LDI,X611
AND,M888
AND,M7104
LDI,X619
LD,M7105
ORI,M888
ANB,
ORB,
ANB,
AND,X600
AND,X601
AND,M6026
OUT,M7112
LD,L8023
LD,X611
AND,M888
AND,M7104
LD,X619
LD,M7105
ORI,M888
ANB,
ORB,
ANB,
AND,M7102
OR,M7113
ANI,X613
AND,X600
AND,X601
AND,M6026
OUT,M7113
LD,L8023
LD,X611
AND,M888
AND,M7104
LD,X619
LD,M7105
ORI,M888
ANB,
ORB,
ANB,
AND,M7103
OR,M7114
ANI,X616
AND,X600
AND,X601
AND,M6026
OUT,M7114
LD,L8024
AND,X613
AND,M7102
OR,M7115
ANI,X614
AND,X600
AND,X601
AND,M6026
OUT,M7115
LD,L8024
AND,X616
AND,M7103
OR,M7116
ANI,X617
AND,X600
AND,X601
AND,M6026
OUT,M7116
LD,M7110
OR,M7111
LD,M7112
LD,M888
AND,M7322
LD,X143
AND,M6050
LD,X141
AND,M6051
ORB,
ANB,
LD,M7323
ORI,M888
LD,X141
AND,M6050
LD,X143
AND,M6051
ORB,
ANB,
ORB,
ANB,
ORB,
OR,M7113
OR,M7114
LD,M7115
LD,X0A8
AND,M4054
ORI,R2014.0
ANB,
AND,X0C7
LD,X0CC
OR,SM400
ANB,
LD,X0CE
OR,SM400
ANB,
AND,X692
ORB,
LD,M7116
LD,X0E8
AND,M5054
ORI,R5014.0
ANB,
AND,X107
LD,X10C
OR,SM400
ANB,
LD,X10E
OR,SM400
ANB,
AND,X695
ORB,
AND,L8027
OUT,M7120
,
LD,M4507
OR,M5507
OUT,M7200
,
,
,
,
,
,
,
,
,
,
,
,
,
,
,
LDP,M7200
ORF,M7200
MOV,K0
,D7490
LDP,Y225
LD,X611
OR,X619
ANB,
AND,M7200
MPS,
AND,M888
AND,M7322
MPS,
AND,M6050
MOV,D6991
,D7490
MOV,K0
,D6991
MRD,
AND,M6051
MOV,D6990
,D7490
MOV,K0
,D6990
MPP,
MOV,K0
,D6996
MPP,
LD,M7323
ORI,M888
ANB,
MPS,
AND,M6050
MOV,D6990
,D7490
MOV,K0
,D6990
MRD,
AND,M6051
MOV,D6991
,D7490
MOV,K0
,D6991
MPP,
MOV,K0
,D6995
LDP,M7200
ORF,M7200
MOV,K0
,D7012
LDP,M7201
MPS,
AND,M4507
MOV,K1
,D7010
MPP,
ANI,M4507
MOV,K2
,D7010
,
LDI,M7450
AND,M7070
AND,X600
AND,M7200
OUT,M7201
LDP,B120
OR,M7205
ANDPI,M7206
AND,M7201
OUT,M7205
LD<,K0
,D7010
AND,X60A
AND,M7205
OR,M7206
ANI,M7283
AND,M7201
OUT,M7206
MPS,
AND,M4507
ANI,M5507
MOV,K1
,D7010
MOVP,D7010
,D7012
MRD,
ANI,M4507
AND,M5507
MOV,K2
,D7010
MOVP,D7010
,D7012
MPP,
AND,M4507
AND,M5507
INCP,D7010
MPS,
AND<=,K3
,D7010
MOVP,K1
,D7010
MPP,
MOVP,D7010
,D7012
LD,M7203
OR,M7206
ANI,M7209
ANI,M7219
OUT,M7207
LD,M7203
OR,M7206
ANI,M7209
ANI,M7219
OUT,M7208
LDP,X610
OR,M7209
LD,M7203
OR,M7206
ANB,
OUT,M7209
,
LD,B126
AND,B120
OR,M7212
ANDPI,M7214
AND,M7201
OUT,M7212
LD,B121
AND,X141
OR,M7213
AND,M7212
OUT,M7213
LD,M7213
OR,M7214
ANI,M7283
AND,M7201
OUT,M7214
LD,M7211
OR,M7214
ANI,M7219
OUT,M7217
LD,M7211
OR,M7214
ANI,M7219
OUT,M7218
LDP,X619
OR,M7219
AND,M7214
OUT,M7219
,
LD,M7219
AND,M7201
OUT,M7220
LD,M7220
ANI,T720
OUT,M7221
LDF,X144
OR,M7222
AND,M7220
OUT,M7222
OUTH,T720
,K10
LD,X145
AND,M7220
AND,D7490.0
OUT,M7223
,
LD=,K1
,D7012
OR,M7230
AND,T720
OUT,M7230
LD,M7230
ANI,M7233
ANI,M7243
OUT,M7231
LD,M7230
ANI,M7233
ANI,M7243
OUT,M7232
LDP,X613
OR,M7233
AND,M7230
OUT,M7233
,
LDI,M7245
LD,X0A8
AND,M4054
ORI,R2014.0
ANB,
AND,X0C7
LD,X0CC
OR,SM400
ANB,
LD,X0CE
OR,SM400
ANB,
OR,M7240
AND,M7230
AND,M7201
OUT,M7240
LD,M7240
ANI,M7243
OUT,M7241
LD,M7240
ANI,M7243
OUT,M7242
LDP,X614
OR,M7243
AND,M7240
OUT,M7243
LD,M7243
OR,M7245
ANI,M7247
AND,M7201
OUT,M7245
LDP,X691
OR,M7246
AND,M7245
OUT,M7246
LDP,X692
OR,M7247
AND,M7246
OUT,M7247
,
LD=,K2
,D7012
OR,M7250
AND,T720
AND,M7201
OUT,M7250
LD,M7250
ANI,M7253
ANI,M7263
OUT,M7251
LD,M7250
ANI,M7253
ANI,M7263
OUT,M7252
LDP,X616
OR,M7253
AND,M7250
OUT,M7253
,
LDI,M7265
LD,X0E8
AND,M5054
ORI,R5014.0
ANB,
AND,X107
LD,X10C
OR,SM400
ANB,
LD,X10E
OR,SM400
ANB,
OR,M7260
AND,M7250
AND,M7201
OUT,M7260
LD,M7260
ANI,M7263
OUT,M7261
LD,M7260
ANI,M7263
OUT,M7262
LDP,X617
OR,M7263
AND,M7260
OUT,M7263
LD,M7263
OR,M7265
ANI,M7267
AND,M7201
OUT,M7265
LDP,X694
OR,M7266
AND,M7265
OUT,M7266
LDP,X695
OR,M7267
AND,M7266
OUT,M7267
,
LD,M7243
OR,M7263
AND,M7201
OUT,M7270
OUTH,T725
,K5
LD,T725
ANI,M7272
OUT,M7271
LDP,X144
OR,M7272
AND,M7270
OUT,M7272
,
LD,M7272
AND,M7201
OUT,M7280
LD,M7280
ANI,M7283
OUT,M7281
LD,M7280
ANI,M7283
OUT,M7282
LDP,X60A
OR,M7283
AND,M7280
OUT,M7283
MOV,K0
,D7012
,
LD,M7113
OR,M7231
OR,M7114
OR,M7251
OUT,M7300
LD,M7115
OR,M7241
OR,M7116
OR,M7261
OUT,M7301
LD,X613
OR,X616
OUT,M7310
LD,X614
OR,X617
OUT,M7311
LD,X619
OUT,M7312
LD,M7102
OR=,K1
,D7012
OUT,M7320
LD,M7103
OR=,K2
,D7012
OUT,M7321
LD,M7104
LDI,R1014.2
LD,M4507
OR,M5507
ANB,
ORB,
OUT,M7322
LD,M7105
LD,R1014.2
LD,M4507
OR,M5507
ANB,
ORB,
OUT,M7323
,
LD,M7203
OR,M7206
AND=,K1
,D7012
OR,M7350
ANI,M7352
OUT,M7350
OUTH,T700
,K6000
LD,M7203
OR,M7206
AND=,K2
,D7012
OR,M7351
ANI,M7353
OUT,M7351
OUTH,T701
,K6000
LD,M7283
MPS,
AND,M7350
MOV,T700
,D7000
OUT,M7352
MPP,
AND,M7351
MOV,T701
,D7001
OUT,M7353
LD,M4507
OR,M5507
+,D7000
,D7001
,D7002
,
LD,X603
AND,M6008
OUT,M7400
LD,M7400
ANI,M7402
OUT,M7401
LD,L7020
OR,M7402
AND,M7400
OUT,M7402
LD,L7023
OR,M7403
AND,M7402
OUT,M7403
LD,M7400
AND,SM412
OR,M7402
OUT,M7404
LD,X604
AND,M6008
OUT,M7405
LD,M7405
ANI,M7407
OUT,M7406
LD,L7020
OR,M7407
AND,M7405
OUT,M7407
LD,L7023
OR,M7408
AND,M7407
OUT,M7408
LD,M7405
AND,SM412
OR,M7407
OUT,M7409
LD,M7071
OR,M7410
ANI,M7413
AND,M6008
OUT,M7410
LD,M7410
ANI,M7412
OUT,M7411
LD,L7020
OR,M7412
AND,M7410
OUT,M7412
LD,L7023
OR,M7413
AND,M7412
OUT,M7413
LD,M7410
AND,SM412
OR,M7412
OUT,M7414
LD,Y225
AND,X144
LD,Y226
ANI,X144
ORB,
OUT,T735
,K50
LD,T735
OR,M7415
ANI,M7418
AND,M6008
OUT,M7415
LD,M7415
ANI,M7417
OUT,M7416
LD,L7020
OR,M7417
AND,M7415
OUT,M7417
LD,L7023
OR,M7418
AND,M7417
OUT,M7418
LD,M7415
AND,SM412
OR,M7417
OUT,M7419
LD,M7223
OR,M7420
ANI,M7423
AND,M6008
OUT,M7420
LD,M7420
ANI,M7422
OUT,M7421
LD,L7020
OR,M7422
AND,M7420
OUT,M7422
LD,L7023
OR,M7423
AND,M7422
OUT,M7423
LD,M7420
AND,SM412
OR,M7422
OUT,M7424
LDI,X14B
OUT,T736
,K50
LD,T736
OR,M7425
ANI,M7428
AND,M6008
OUT,M7425
LD,M7425
ANI,M7427
OUT,M7426
LD,L7020
OR,M7427
AND,M7425
OUT,M7427
LD,L7023
ANI,T736
AND,M7427
OUT,M7428
LD,M7425
AND,SM412
OR,M7427
OUT,M7429
LDI,M7400
ANI,M7410
ANI,M7425
INV,
OUT,M7450
LDI,M7415
ANI,M7420
INV,
OUT,M7451
LDI,M7405
INV,
OUT,M7452
LDI,M7450
ANI,M7451
ANI,M7452
INV,
OUT,M7453
LDI,M7401
ANI,M7406
ANI,M7411
ANI,M7416
ANI,M7421
ANI,M7426
INV,
OUT,M7455
MOVP,K17
,D4008
MOVP,K17
,D5008
END,
LDP,L8500
OR,M7510
ANI,M7512
AND,X685
AND,X686
AND,M7520
AND,M7521
AND,M7522
AND,M6008
OUT,M7510
LD,M7510
OUT,M7511
LD,M7510
AND,X682
OR,M7512
AND,M7510
OUT,M7512
,
LDI,X148
ORI,X149
ORI,X14A
ORI,X14E
LD,M4507
OR,M5507
ANB,
OR,M7519
ANI,T755
AND,M6008
OUT,M7519
OUT,T755
,K10
LD,X121
AND,SM403
OUT,M7520
LD,X148
AND,X149
AND,X14A
AND,X14E
LDI,M4507
ANI,M5507
ANI,SM400
ORB,
ANI,M7519
AND,SM403
OUT,M7521
LD,M7520
AND,M7521
ANI,L8503
ANI,M7920
AND,M6008
OUT,M7522
,
LD,L8501
OR,M7523
ANI,M7524
AND,X682
AND,M7521
AND,M7522
AND,M6008
OUT,M7523
LD,M7523
AND,X681
LD,L8501
AND,M7524
ORB,
OUT,M7524
,
LD,L8502
AND,X681
AND,X682
ANI,X683
AND,X68A
OR,M7525
ANI,M7526
AND,M7521
AND,M7522
AND,M6008
OUT,M7525
LD,M7525
AND,X680
LD,M7025
AND,M7526
ORB,
OUT,M7526
,
LDP,M3310
MOV,R1023
,W510
MOV,R1024
,W511
MOV,R1025
,W512
MOV,R1026
,W513
MOV,R1027
,W514
MOV,R1028
,W515
,
LD<>,W410
,W510
AND,X680
OUT,M7560
OUT,T760
,K20
LD<>,W411
,W511
AND,X680
OUT,M7561
OUT,T761
,K20
LD<>,W412
,W512
AND,X680
OUT,M7562
OUT,T762
,K20
LD<>,W413
,W513
AND,X680
OUT,M7563
OUT,T763
,K20
LD<>,W414
,W514
AND,X680
OUT,M7564
OUT,T764
,K20
LD<>,W415
,W515
AND,X680
OUT,M7565
OUT,T765
,K20
LDI,T760
ANI,T761
ANI,T762
ANI,T763
ANI,T764
ANI,T765
AND,X680
OUT,M7570
LDI,T760
ANI,T761
ANI,T762
ANI,T763
ANI,T764
ANI,T765
INV,
AND,X680
OUT,M7571
,
LD,L8522
OR,X69E
ANI,L8525
ANI,X69F
AND,M6026
OUT,M7600
LD,L8525
OR,X69F
ANI,L8522
ANI,X69E
AND,M6026
OUT,M7601
LD,L8511
AND,X68A
OR,M7602
LDI,L8512
ORI,X68A
ANB,
AND,M6026
OUT,M7602
LD,L8512
AND,X68A
OR,M7603
LDI,L8511
ORI,X68A
ANB,
AND,M6026
OUT,M7603
LD,L8513
AND,X68A
OR,M7604
LDI,L8514
ORI,X68A
ANB,
AND,M6026
OUT,M7604
LD,L8514
AND,X68A
OR,M7605
LDI,L8513
ORI,X68A
ANB,
AND,M6026
OUT,M7605
LD,L8518
AND,X68A
OR,M7606
LDI,L8519
ORI,X68A
ANB,
AND,M6026
OUT,M7606
LD,L8519
AND,X68A
OR,M7607
LDI,L8518
ORI,X68A
ANB,
AND,M6026
OUT,M7607
LD,L8526
LD,X697
OR,X699
ANB,
OR,M7610
ANI,X68A
AND,X680
AND,X681
AND,M6026
OUT,M7610
LD,L8520
AND,X68A
AND,M7602
OR,M7611
ANI,X690
AND,X680
AND,X681
AND,M6026
OUT,M7611
LD,L8520
AND,X68A
AND,M7603
OR,M7612
ANI,X693
AND,X680
AND,X681
AND,M6026
OUT,M7612
LD,L8521
AND,X690
AND,M7602
OR,M7613
ANI,X691
AND,X680
AND,X681
AND,M6026
OUT,M7613
LD,L8521
AND,X693
AND,M7603
OR,M7614
ANI,X694
AND,X680
AND,X681
AND,M6026
OUT,M7614
LD,L8523
LD,X691
OR,X694
ANB,
AND,M7606
OR,M7615
ANI,X696
AND,X680
AND,X681
AND,M6026
OUT,M7615
LD,L8524
AND,X696
OR,M7616
ANI,X697
AND,X680
AND,X681
AND,M6026
OUT,M7616
LD,L8528
LD,X691
OR,X694
ANB,
AND,M7607
OR,M7617
ANI,X699
AND,X680
AND,X681
AND,M6025
OUT,M7617
LD,M7610
OR,M7611
OR,M7612
LD,M7613
LD,X0A8
AND,M4054
ORI,R2014.0
ANB,
AND,X0C7
LD,X0CC
OR,SM400
ANB,
LD,X0CE
OR,SM400
ANB,
AND,X146
AND,X615
ORB,
LD,M7614
LD,X0E8
AND,M5054
ORI,R5014.0
ANB,
AND,X107
LD,X10C
OR,SM400
ANB,
LD,X10E
OR,SM400
ANB,
AND,X146
AND,X618
ORB,
OR,M7615
OR,M7616
OR,M7617
AND,L8527
OUT,M7620
,
LD,M4507
OR,M5507
OUT,M7700
,
,
,
,
,
,
,
,
,
,
,
,
,
,
,
LDP,M7700
ORF,M7700
FMOV,K0
,D7900
,K20
MOV,K0
,D7990
LDP,Y22B
AND,M7700
MPS,
AND,X691
MOV,D4990
,D7990
MOV,K1
,D14000
MOV,K0
,D4990
MPP,
AND,X694
MOV,D5990
,D7990
MOV,K4
,D14000
MOV,K0
,D5990
LD,M7781
LDP,X146
LDI,B11A
OR,X699
ANB,
ORB,
AND,M7700
MOV,K0
,D7990
,
LDP,X614
OR,M7701
ANDPI,M7703
AND,X680
AND,M7700
OUT,M7701
LDP,X615
OR,M7702
AND,M7701
OUT,M7702
MOVP,K1
,D7900
FIFWP,D7900
,D7910
OUT,T768
,K1
LD,M7702
AND,T768
AND,M7570
ANI,M7707
AND=,K1
,D7911
OR,M7703
ANI,M7777
ANI,M7950
AND,M7570
AND,X680
AND,M7700
OUT,M7703
FIFRP,D7901
,D7910
LDP,X617
OR,M7705
ANDPI,M7707
AND,X680
LD,M4507
OR,M5507
ANB,
OUT,M7705
LDP,X618
OR,M7706
AND,M7705
OUT,M7706
MOVP,K2
,D7900
FIFWP,D7900
,D7910
OUT,T769
,K1
LD,M7706
AND,T769
AND,M7570
ANI,M7703
AND=,K2
,D7911
OR,M7707
ANI,M7777
ANI,M7950
AND,M7570
AND,X680
AND,M7700
OUT,M7707
FIFRP,D7901
,D7910
LD,M7703
OR,M7707
AND,M7700
OUT,M7710
LD,M7703
ANI,M7714
ANI,M7736
OUT,M7711
LD,M7707
ANI,M7714
ANI,M7736
OUT,M7712
LD,M7710
ANI,M7714
ANI,M7736
OUT,M7713
LD,X690
AND,M7703
LD,X693
AND,M7707
ORB,
OR,M7714
AND,M7710
OUT,M7714
,
LDP,X0A1
OR,M7719
ANDPI,M7720
AND,M7700
OUT,M7719
LD,M7719
AND,R2014.0
OR,R2014.1
LD,T421
OR,M4585
AND,R2014.2
ORB,
OR,M7720
AND,M7703
AND,M7700
OUT,M7720
LD,X0A8
OR,X0AB
OR,R2014.1
OR,R2014.2
OR,M7721
AND,M7720
OUT,M7721
LD,M4054
OR,R2014.1
OR,R2014.2
AND,X0C7
LD,X0CC
OR,SM400
ANB,
LD,X0CE
OR,SM400
ANB,
OR,M7722
AND,M7720
OUT,M7722
LDP,X0E1
OR,M7724
ANDPI,M7725
AND,M7700
OUT,M7724
LD,M7724
AND,R5014.0
OR,R5014.1
LD,T521
OR,M5585
AND,R5014.2
ORB,
OR,M7725
AND,M7707
AND,M7700
OUT,M7725
LD,X0E8
OR,X0EB
OR,R5014.1
OR,R5014.2
OR,M7726
AND,M7725
OUT,M7726
LD,X107
OR,R5014.1
OR,R5014.2
AND,M5054
LD,X10C
OR,SM400
ANB,
LD,X10E
OR,SM400
ANB,
OR,M7727
AND,M7725
OUT,M7727
LDP,X144
AND,X614
OR,M7728
ANDPI,M7730
AND,M7700
OUT,M7728
OUT,T771
,K40
LDP,X144
AND,X617
OR,M7729
ANDPI,M7731
AND,M7700
OUT,M7729
OUT,T772
,K40
LD,M7721
AND,M7722
AND,T771
OR,M7730
AND,M7703
OUT,M7730
LD,M7726
AND,M7727
AND,T772
OR,M7731
AND,M7707
OUT,M7731
LD,M7730
OR,M7731
OUT,M7732
LD,M7730
ANI,M7736
OUT,M7733
LD,M7731
ANI,M7736
OUT,M7734
LD,M7732
ANI,M7736
OUT,M7735
LD,X691
AND,M7730
LD,X694
AND,M7731
ORB,
OR,M7736
AND,M7732
OUT,M7736
,
LD,M7736
AND,M7700
OUT,M7740
LD,M7740
ANI,T770
OUT,M7741
LDF,X146
OR,M7742
AND,M7740
OUT,M7742
OUTH,T770
,K20
LD,X147
AND,M7740
AND,D7990.0
OUT,M7743
,
LDI,D7990.3
LDI,D7990.4
OR,SM400
ANB,
ANI,D7990.5
OR,M7750
AND,T770
OUT,M7750
LDI,D7990.3
ANI,D7990.5
INV,
OR,M7751
AND,T770
OUT,M7751
,
LD,M7750
ANI,M7754
ANI,M7759
OUT,M7752
LD,M7750
ANI,M7754
ANI,M7759
OUT,M7753
LD,X696
OR,M7754
AND,M7750
OUT,M7754
,
LD,B12A
OR,B11C
OR,M7755
AND,M7750
OUT,M7755
LD,M7755
OUT,M7756
LD,M7756
ANI,M7759
OUT,M7757
LD,M7756
ANI,M7759
OUT,M7758
LD,B12B
AND,X697
OR,M7759
AND,M7756
OUT,M7759
OUTH,T773
,K20
,
LD,M7751
ANI,M7762
OUT,M7760
LD,M7751
ANI,M7762
OUT,M7761
LD,B12B
AND,X699
OR,M7762
AND,M7751
OUT,M7762
OUTH,T774
,K20
LD,B12B
OR,B11C
OR,M7770
LD,T773
AND,M7759
LD,T774
AND,M7762
ORB,
ANB,
LD,M7762
OR,M7770
AND,M7762
ORB,
OUT,M7770
LD,T773
OR,T774
ANI,M7772
OUT,M7771
LDP,X146
OR,M7772
AND,M7770
OUT,M7772
LD,M7772
OR,B11C
OR,X699
OR,M7773
AND,M7772
OUT,M7773
,
LD,M7773
ANI,M7777
OUT,M7775
LD,M7773
ANI,M7777
OUT,M7776
LDP,X68A
OR,M7777
AND,M7773
OUT,M7777
LDP,M7772
AND,M7759
OR,M7780
ANI,M7781
AND,M7700
ANI,B116
OUT,M7780
LD,B12C
OR,M7781
AND,M7780
OUT,M7781
,
LD,M7611
OR,M7711
OR,M7612
OR,M7712
OUT,M7800
LD,M7613
OR,M7733
OR,M7614
OR,M7734
OUT,M7801
LD,X690
OR,X693
OUT,M7810
LD,X691
OR,X694
OUT,M7811
LD,M7602
OR,M7703
OUT,M7820
LD,M7603
OR,M7707
OUT,M7821
LD,M7604
LDI,R1014.1
LD,M4507
OR,M5507
ANB,
ORB,
OUT,M7822
LD,M7605
LD,R1014.1
LD,M4507
OR,M5507
ANB,
ORB,
OUT,M7823
LD,M7606
OR,M7750
OUT,M7824
LD,M7607
OR,M7751
OUT,M7825
,
LD,M7703
OUTH,T750
,K6000
LD,M7707
OUTH,T751
,K6000
LD,M7777
MPS,
AND,M7703
MOV,T750
,D7500
MPP,
AND,M7707
MOV,T751
,D7501
LD,M4507
OR,M5507
+,D7500
,D7501
,D7502
,
LD,X683
AND,M6008
OUT,M7900
LD,M7900
ANI,M7902
OUT,M7901
LD,L7020
OR,M7902
AND,M7900
OUT,M7902
LD,L7023
OR,M7903
AND,M7902
OUT,M7903
LD,M7900
AND,SM412
OR,M7902
OUT,M7904
LD,X684
AND,M6008
OUT,M7905
LD,M7905
ANI,M7907
OUT,M7906
LD,L7020
OR,M7907
AND,M7905
OUT,M7907
LD,L7023
OR,M7908
AND,M7907
OUT,M7908
LD,M7905
AND,SM412
OR,M7907
OUT,M7909
LD,M7571
OR,M7910
ANI,M7913
AND,M6008
OUT,M7910
LD,M7910
ANI,M7912
OUT,M7911
LD,L7020
OR,M7912
AND,M7910
OUT,M7912
LD,L7023
OR,M7913
AND,M7912
OUT,M7913
LD,M7910
AND,SM412
OR,M7912
OUT,M7914
LD,Y22B
AND,X146
LD,Y22C
ANI,X146
ORB,
OUT,T785
,K50
LD,T785
OR,M7915
ANI,M7918
AND,M6008
OUT,M7915
LD,M7915
ANI,M7917
OUT,M7916
LD,L7020
OR,M7917
AND,M7915
OUT,M7917
LD,L7023
OR,M7918
AND,M7917
OUT,M7918
LD,M7915
AND,SM412
OR,M7917
OUT,M7919
LD,M7743
OR,M7920
ANI,M7923
AND,M6008
OUT,M7920
LD,M7920
ANI,M7922
OUT,M7921
LD,L7020
OR,M7922
AND,M7920
OUT,M7922
LD,L7023
OR,M7923
AND,M7922
OUT,M7923
LD,M7920
AND,SM412
OR,M7922
OUT,M7924
LDI,X14B
OUT,T786
,K50
LD,T786
OR,M7925
ANI,M7928
AND,M6008
OUT,M7925
LD,M7925
ANI,M7927
OUT,M7926
LD,L7020
OR,M7927
AND,M7925
OUT,M7927
LD,L7023
ANI,T786
AND,M7927
OUT,M7928
LD,M7925
AND,SM412
OR,M7927
OUT,M7929
LDI,M7900
ANI,M7910
ANI,M7925
INV,
OUT,M7950
LDI,M7915
ANI,M7920
INV,
OUT,M7951
LDI,M7905
INV,
OUT,M7952
LDI,M7950
ANI,M7951
ANI,M7952
INV,
OUT,M7953
LDI,M7901
ANI,M7906
ANI,M7911
ANI,M7916
ANI,M7921
ANI,M7926
INV,
OUT,M7955
MOVP,K17
,D4008
MOVP,K17
,D5008
END,
